放牛班的春天,https://movie.douban.com/subject/1291549/
放牛班的春天,https://movie.douban.com/subject/1291549/
楚门的世界,https://movie.douban.com/subject/1292064/
初恋这件小事,https://movie.douban.com/subject/4739952/
七宗罪,https://movie.douban.com/subject/1292223/
忠犬八公的故事,https://movie.douban.com/subject/3011091/
龙猫,https://movie.douban.com/subject/1291560/
星际穿越,https://movie.douban.com/subject/1889243/
无间道,https://movie.douban.com/subject/1307914/
大话西游之月光宝盒,https://movie.douban.com/subject/1299398/
美丽人生,https://movie.douban.com/subject/1292063/
罗马假日,https://movie.douban.com/subject/1293839/
疯狂动物城,https://movie.douban.com/subject/25662329/
贫民窟的百万富翁,https://movie.douban.com/subject/2209573/
黑天鹅,https://movie.douban.com/subject/1978709/
人再囧途之泰囧,https://movie.douban.com/subject/10574622/
V字仇杀队,https://movie.douban.com/subject/1309046/
辛德勒的名单,https://movie.douban.com/subject/1295124/
本杰明·巴顿奇事,https://movie.douban.com/subject/1485260/
情书,https://movie.douban.com/subject/1292220/
蝴蝶效应,https://movie.douban.com/subject/1292343/
放牛班的春天,https://movie.douban.com/subject/1291549/
楚门的世界,https://movie.douban.com/subject/1292064/
初恋这件小事,https://movie.douban.com/subject/4739952/
七宗罪,https://movie.douban.com/subject/1292223/
忠犬八公的故事,https://movie.douban.com/subject/3011091/
龙猫,https://movie.douban.com/subject/1291560/
星际穿越,https://movie.douban.com/subject/1889243/
无间道,https://movie.douban.com/subject/1307914/
大话西游之月光宝盒,https://movie.douban.com/subject/1299398/
美丽人生,https://movie.douban.com/subject/1292063/
罗马假日,https://movie.douban.com/subject/1293839/
疯狂动物城,https://movie.douban.com/subject/25662329/
贫民窟的百万富翁,https://movie.douban.com/subject/2209573/
黑天鹅,https://movie.douban.com/subject/1978709/
人再囧途之泰囧,https://movie.douban.com/subject/10574622/
V字仇杀队,https://movie.douban.com/subject/1309046/
辛德勒的名单,https://movie.douban.com/subject/1295124/
本杰明·巴顿奇事,https://movie.douban.com/subject/1485260/
情书,https://movie.douban.com/subject/1292220/
蝴蝶效应,https://movie.douban.com/subject/1292343/
放牛班的春天,https://movie.douban.com/subject/1291549/
